字段1,字段1链接,字段2,详情标题,字段3,字段4
安监总局：整顿关闭小煤矿 需要强化源头管理,https://www.cctd.com.cn/index.php?m=content&c=index&a=show&catid=191&id=2969,2013-12-17,安监总局：整顿关闭小煤矿 需要强化源头管理,"来源：中国新闻网
					
					发布时间：2013-12-17 09:20:00
					
						字号【
							小
							中
							大 】
						
						
							
                    收藏新闻",据国家安全生产监督管理总局网站消息，国家安全监管总局党组书记、局长杨栋梁16日提出，要在淘汰落后产能、化解过剩产能中，进一步推动整顿关闭小煤矿、小化工、小矿山等，强化安全生产源头治理。     12月16日，杨栋梁主持召开党组(扩大)会议，传达学习习近平总书记、李克强总理在中央经济工作会议和中央城镇化工作会议上的重要讲话精神。     杨栋梁强调，安全监管监察系统要把思想统一到中央对经济形势的分析判断和对社会发展的决策部署上来，把握分析问题、认识形势的根本方法和推动工作的扎实作风，结合经济发展和城镇化建设的新要求，大力推进安全生产工作不断创新发展，促进安全生产形势持续稳定好转。     杨栋梁指出，要紧密联系安全生产工作实际，从全面把握明年经济工作和城镇化工作的指导思想、基本原则、主要任务目标、措施要求等方面，找准安全生产工作的结合点，明确下一步重点工作任务，切实抓好贯彻落实。     杨栋梁强调，要按照中央的部署，注重加强安全生产问题研究和形势分析，深入研究转变发展方式、经济结构调整与安全生产的关系，在淘汰落后产能、化解过剩产能中，进一步推动整顿关闭小煤矿、小化工、小矿山等，强化安全生产源头治理。     杨栋梁要求，要深入研究生态文明建设、污染治理与安全生产的关系，加强与有关部门的工作配合，通过环境治理推进安全生产，既要生态文明又要生产安全。要研究城镇化建设与安全生产的关系，加强进入生产经营企业单位农民工的安全技能素质培训，切实保障在转化为城市市民的同时成为合格的产业工人。     杨栋梁要求，各级安全监管监察机构和直属单位都要结合本地区、本部门、本单位的实际，把安全生产放在经济社会发展的大环境中，思考如何进一步加强安全生产工作，深入研究新问题、把握新特点、掌握新规律，切实采取积极有效措施，促进安全生产工作不断创新。     杨栋梁要求，各地区、各部门、各单位要认真贯彻落实中央领导同志会上对做好今冬明春安全生产工作提出的明确要求，深入开展安全生产大检查“回头看”，加强工作检查和督办，以“四不两直”方式，深入基层现场开展暗访暗查，强化企业主体责任落实，扎实开展各重点行业领域安全专项治理，坚决遏制重特大事故发生。
安监总局：整顿关闭小煤矿 需要强化源头管理,https://www.cctd.com.cn/show-131-16031-1.html,2013-12-17,安监总局：整顿关闭小煤矿 需要强化源头管理,"来源：中国新闻网
					
					发布时间：2013-12-17 09:20:00
					
						字号【
							小
							中
							大 】
						
						
							
                    收藏新闻",据国家安全生产监督管理总局网站消息，国家安全监管总局党组书记、局长杨栋梁16日提出，要在淘汰落后产能、化解过剩产能中，进一步推动整顿关闭小煤矿、小化工、小矿山等，强化安全生产源头治理。     12月16日，杨栋梁主持召开党组(扩大)会议，传达学习习近平总书记、李克强总理在中央经济工作会议和中央城镇化工作会议上的重要讲话精神。     杨栋梁强调，安全监管监察系统要把思想统一到中央对经济形势的分析判断和对社会发展的决策部署上来，把握分析问题、认识形势的根本方法和推动工作的扎实作风，结合经济发展和城镇化建设的新要求，大力推进安全生产工作不断创新发展，促进安全生产形势持续稳定好转。     杨栋梁指出，要紧密联系安全生产工作实际，从全面把握明年经济工作和城镇化工作的指导思想、基本原则、主要任务目标、措施要求等方面，找准安全生产工作的结合点，明确下一步重点工作任务，切实抓好贯彻落实。     杨栋梁强调，要按照中央的部署，注重加强安全生产问题研究和形势分析，深入研究转变发展方式、经济结构调整与安全生产的关系，在淘汰落后产能、化解过剩产能中，进一步推动整顿关闭小煤矿、小化工、小矿山等，强化安全生产源头治理。     杨栋梁要求，要深入研究生态文明建设、污染治理与安全生产的关系，加强与有关部门的工作配合，通过环境治理推进安全生产，既要生态文明又要生产安全。要研究城镇化建设与安全生产的关系，加强进入生产经营企业单位农民工的安全技能素质培训，切实保障在转化为城市市民的同时成为合格的产业工人。     杨栋梁要求，各级安全监管监察机构和直属单位都要结合本地区、本部门、本单位的实际，把安全生产放在经济社会发展的大环境中，思考如何进一步加强安全生产工作，深入研究新问题、把握新特点、掌握新规律，切实采取积极有效措施，促进安全生产工作不断创新。     杨栋梁要求，各地区、各部门、各单位要认真贯彻落实中央领导同志会上对做好今冬明春安全生产工作提出的明确要求，深入开展安全生产大检查“回头看”，加强工作检查和督办，以“四不两直”方式，深入基层现场开展暗访暗查，强化企业主体责任落实，扎实开展各重点行业领域安全专项治理，坚决遏制重特大事故发生。
国家安监总局出台暗查抽查工作制度,https://www.cctd.com.cn/index.php?m=content&c=index&a=show&catid=191&id=2968,2013-11-05,国家安监总局出台暗查抽查工作制度,"来源：中国煤炭报
					
					发布时间：2013-11-05 08:57:00
					
						字号【
							小
							中
							大 】
						
						
							
                    收藏新闻",国家安全监管总局近日印发《转变作风开展安全生产暗查抽查工作制度》，要求进一步反“四风”、转作风，规范安全生产暗查抽查工作。《制度》共有八项内容： 　　一、总局和煤矿安监局机关各司局、应急指挥中心要定期组织开展安全生产暗查抽查，各业务司局至少每季度一次，各综合司局、应急指挥中心至少每半年一次。开展暗查抽查前，要制定严密细致的工作方案，报总局主要领导同志或分管领导同志审批同意。　　二、暗查抽查由具有行政执法资格的人员携带执法证实施。根据工作需要，可邀请相关行业领域安全生产专家和新闻媒体记者参加。　　三、暗查抽查工作采取“四不两直”方式进行，即：不发通知，不向地方政府打招呼，不听取一般性工作汇报，不用当地安全监管局、煤矿安监局人员陪同，直奔基层，直插现场，开展突击检查、随机抽查。　　四、坚持“零容忍、严执法”，对检查发现的安全生产隐患要依法依规严肃处理，对安全生产非法违法、违规违章行为要按照“四个一律”要求依法严厉惩处。　　五、暗查抽查人员进行检查时要规范言行，注意形象，按规定配戴防护装备，避免不安全行为，并做好检查的文字、图片、音像等资料记录。进入危险作业地点、环节检查时，必须遵守安全生产有关法律、制度、规定。　　六、暗查抽查结束后，要及时向被检查单位反馈检查情况，提出整改要求，并通报被检查单位所在地人民政府，跟踪督办。需要曝光的重大安全隐患和非法违法单位、个人，由政法司统筹把握，报请总局主要领导同志同意后实施。　　七、暗查抽查人员要坚持为民务实清廉的作风，严格遵守保密纪律和抽查工作方案，不泄露与暗查抽查工作有关的信息和被检查单位秘密，维护被检查单位正常的工作或生产经营秩序。　　八、总局办公厅负责做好暗查抽查的综合协调和服务保障工作。
国家安监总局出台暗查抽查工作制度,https://www.cctd.com.cn/show-131-16030-1.html,2013-11-05,国家安监总局出台暗查抽查工作制度,"来源：中国煤炭报
					
					发布时间：2013-11-05 08:57:00
					
						字号【
							小
							中
							大 】
						
						
							
                    收藏新闻",国家安全监管总局近日印发《转变作风开展安全生产暗查抽查工作制度》，要求进一步反“四风”、转作风，规范安全生产暗查抽查工作。《制度》共有八项内容： 　　一、总局和煤矿安监局机关各司局、应急指挥中心要定期组织开展安全生产暗查抽查，各业务司局至少每季度一次，各综合司局、应急指挥中心至少每半年一次。开展暗查抽查前，要制定严密细致的工作方案，报总局主要领导同志或分管领导同志审批同意。　　二、暗查抽查由具有行政执法资格的人员携带执法证实施。根据工作需要，可邀请相关行业领域安全生产专家和新闻媒体记者参加。　　三、暗查抽查工作采取“四不两直”方式进行，即：不发通知，不向地方政府打招呼，不听取一般性工作汇报，不用当地安全监管局、煤矿安监局人员陪同，直奔基层，直插现场，开展突击检查、随机抽查。　　四、坚持“零容忍、严执法”，对检查发现的安全生产隐患要依法依规严肃处理，对安全生产非法违法、违规违章行为要按照“四个一律”要求依法严厉惩处。　　五、暗查抽查人员进行检查时要规范言行，注意形象，按规定配戴防护装备，避免不安全行为，并做好检查的文字、图片、音像等资料记录。进入危险作业地点、环节检查时，必须遵守安全生产有关法律、制度、规定。　　六、暗查抽查结束后，要及时向被检查单位反馈检查情况，提出整改要求，并通报被检查单位所在地人民政府，跟踪督办。需要曝光的重大安全隐患和非法违法单位、个人，由政法司统筹把握，报请总局主要领导同志同意后实施。　　七、暗查抽查人员要坚持为民务实清廉的作风，严格遵守保密纪律和抽查工作方案，不泄露与暗查抽查工作有关的信息和被检查单位秘密，维护被检查单位正常的工作或生产经营秩序。　　八、总局办公厅负责做好暗查抽查的综合协调和服务保障工作。
国家安监总局拟重罚防突措施作假煤矿,https://www.cctd.com.cn/index.php?m=content&c=index&a=show&catid=191&id=2967,2013-09-06,国家安监总局拟重罚防突措施作假煤矿,"来源：财新网
					
					发布时间：2013-09-06 09:16:00
					
						字号【
							小
							中
							大 】
						
						
							
                    收藏新闻","9月4日起，国家安监总局就《防治煤与瓦斯突出规定》(修订稿)公开征求意见。该修订稿明确，对煤矿企业未按要求落实区域和局部综合防突措施的，最高可处200万元罚款，对在预防

矿难
措施中的弄虚作假行为进行加倍处罚。　　　　瓦斯突出是一种煤矿灾难的专业术语，是煤和瓦斯突出的简称。该灾难是指，随着煤矿开采深度的增加、瓦斯含量的增加，在煤层中地应力、瓦斯释放的引力作用下，软弱煤层突破抵抗线瞬间释放大量瓦斯和煤而造成的一种地质灾害。　　　　近年，中国煤矿灾难频发，而瓦斯突出事故在其中占有相当比例。据新华社报道，2013年9月1日4时，云南曲靖境内的滇东能源白龙山煤矿发生煤与瓦斯突出事故。截至9月5日7时50分，事故共造成9人遇难。　　　　记者根据公开媒体报道不完全统计，截至目前，2013年以来全国至少发生9起瓦斯突出事故，共造成72人遇难。　　　　此次修订稿共修改了14条，其中增加了对防突措施弄虚作假的行为加重处罚的内容，同时还新增了对突出矿井的技术、管理人员基本素质的要求；此外还修订增加监测、分析瓦斯涌出量变化的要求等内容。　　　　国家安监总局同时向公众作出《关于修订情况的说明》(下称修订说明)。修订说明称，近几年，因施工人员弄虚作假导致的突出事故屡见不鲜，为此，特别增加了对防突措施弄虚作假的行为加重处罚的内容。　　　　修订稿第121条规定，对“煤矿企业未按本规定要求落实区域和局部综合防突措施的”，将责令停产整顿，“处100万元以上200万元以下的罚款，逾期仍不改正的，提请地方人民政府予以关闭。”对实施的区域和局部综合防突措施存在弄虚作假行为的，将加倍处罚。　　　　修订说明称，“煤与瓦斯突出是最严重的煤矿灾害，由于影响因素多、机理复杂、防治技术要求高，因而其防治也最为困难。”　　　　修订说明显示，很多小矿井发生突出都与缺乏掌握防突技术的人员有关。为此，增加对突出矿井的技术、管理人员基本素质的要求，主要包括专业学历、工作经历等。　　　　修订稿要求，突出矿井的矿长、技术负责人应具有大专及以上学历或工程师及以上职称，并具有“5年以上本矿井工作经历或3年以上突出矿井工作经历”。　　　　2013年7月30日，国家安全监管总局召开全国安全生产工作视频会议，会上通报，2013年上半年全国发生煤矿事故285起，死亡584人；发生重特大事故29起，死亡558人，同比分别下降6.5%和上升17.0%。"
国家安监总局拟重罚防突措施作假煤矿,https://www.cctd.com.cn/show-131-16029-1.html,2013-09-06,国家安监总局拟重罚防突措施作假煤矿,"来源：财新网
					
					发布时间：2013-09-06 09:16:00
					
						字号【
							小
							中
							大 】
						
						
							
                    收藏新闻","9月4日起，国家安监总局就《防治煤与瓦斯突出规定》(修订稿)公开征求意见。该修订稿明确，对煤矿企业未按要求落实区域和局部综合防突措施的，最高可处200万元罚款，对在预防

矿难
措施中的弄虚作假行为进行加倍处罚。　　　　瓦斯突出是一种煤矿灾难的专业术语，是煤和瓦斯突出的简称。该灾难是指，随着煤矿开采深度的增加、瓦斯含量的增加，在煤层中地应力、瓦斯释放的引力作用下，软弱煤层突破抵抗线瞬间释放大量瓦斯和煤而造成的一种地质灾害。　　　　近年，中国煤矿灾难频发，而瓦斯突出事故在其中占有相当比例。据新华社报道，2013年9月1日4时，云南曲靖境内的滇东能源白龙山煤矿发生煤与瓦斯突出事故。截至9月5日7时50分，事故共造成9人遇难。　　　　记者根据公开媒体报道不完全统计，截至目前，2013年以来全国至少发生9起瓦斯突出事故，共造成72人遇难。　　　　此次修订稿共修改了14条，其中增加了对防突措施弄虚作假的行为加重处罚的内容，同时还新增了对突出矿井的技术、管理人员基本素质的要求；此外还修订增加监测、分析瓦斯涌出量变化的要求等内容。　　　　国家安监总局同时向公众作出《关于修订情况的说明》(下称修订说明)。修订说明称，近几年，因施工人员弄虚作假导致的突出事故屡见不鲜，为此，特别增加了对防突措施弄虚作假的行为加重处罚的内容。　　　　修订稿第121条规定，对“煤矿企业未按本规定要求落实区域和局部综合防突措施的”，将责令停产整顿，“处100万元以上200万元以下的罚款，逾期仍不改正的，提请地方人民政府予以关闭。”对实施的区域和局部综合防突措施存在弄虚作假行为的，将加倍处罚。　　　　修订说明称，“煤与瓦斯突出是最严重的煤矿灾害，由于影响因素多、机理复杂、防治技术要求高，因而其防治也最为困难。”　　　　修订说明显示，很多小矿井发生突出都与缺乏掌握防突技术的人员有关。为此，增加对突出矿井的技术、管理人员基本素质的要求，主要包括专业学历、工作经历等。　　　　修订稿要求，突出矿井的矿长、技术负责人应具有大专及以上学历或工程师及以上职称，并具有“5年以上本矿井工作经历或3年以上突出矿井工作经历”。　　　　2013年7月30日，国家安全监管总局召开全国安全生产工作视频会议，会上通报，2013年上半年全国发生煤矿事故285起，死亡584人；发生重特大事故29起，死亡558人，同比分别下降6.5%和上升17.0%。"
安监总局通报近期发生的三起煤矿事故,https://www.cctd.com.cn/index.php?m=content&c=index&a=show&catid=191&id=2966,2013-08-07,安监总局通报近期发生的三起煤矿事故,"来源：人民日报
					
					发布时间：2013-08-07 08:48:00
					
						字号【
							小
							中
							大 】
						
						
							
                    收藏新闻","国家安监总局通报了近期发生的三起煤矿事故，通报要求，各地区、各有关部门和煤矿企业要深刻吸取事故教训，举一反三，扎实彻底地开展安全生产大检查，认真开展隐蔽致灾因素普查，全面排查治理各类安全生产隐患，有效防范和坚决遏制事故发生。同时，要科学处置事故，严禁违章指挥和盲目施救。     7月19日，

河南
省新密市郑宏恒泰（新密）煤业有限公司发生一起瓦斯事故，造成1人死亡、12人受伤。该矿属瓦斯矿井，煤层不易自燃，煤尘具有弱爆炸危险性。据初步分析，事故原因是12210掘进工作面遇断层，顶板冒落导致大量瓦斯涌出，遇火源发生燃烧。    7月23日，四川省煤炭产业集团芙蓉公司杉木树煤矿N3022风巷在排放瓦斯过程中，发生瓦斯爆炸事故，造成7人死亡。该矿为国有重点煤矿，属煤与瓦斯突出矿井，煤层具有级自然发火倾向，矿井水文地质复杂。据初步分析，事故原因是供电网络出现故障，造成局部通风机停止运行，风巷瓦斯积聚，在恢复通风过程中发生瓦斯爆炸；在未查清爆炸原因的情况下，矿领导安排排放瓦斯，在排放瓦斯过程中再次发生爆炸，造成7名救护队员死亡。    7月26日，

黑龙江
省龙煤矿业集团七台河分公司新铁煤矿发生一起顶板事故，造成2人死亡。据初步分析，事故原因是掘进工作面进行压力注水预裂煤壁时发生煤体涌出，将现场指挥的带班矿总工程师等2人掩埋，导致死亡。（记者：鲍丹）"
安监总局通报近期发生的三起煤矿事故,https://www.cctd.com.cn/show-131-16028-1.html,2013-08-07,安监总局通报近期发生的三起煤矿事故,"来源：人民日报
					
					发布时间：2013-08-07 08:48:00
					
						字号【
							小
							中
							大 】
						
						
							
                    收藏新闻","国家安监总局通报了近期发生的三起煤矿事故，通报要求，各地区、各有关部门和煤矿企业要深刻吸取事故教训，举一反三，扎实彻底地开展安全生产大检查，认真开展隐蔽致灾因素普查，全面排查治理各类安全生产隐患，有效防范和坚决遏制事故发生。同时，要科学处置事故，严禁违章指挥和盲目施救。     7月19日，

河南
省新密市郑宏恒泰（新密）煤业有限公司发生一起瓦斯事故，造成1人死亡、12人受伤。该矿属瓦斯矿井，煤层不易自燃，煤尘具有弱爆炸危险性。据初步分析，事故原因是12210掘进工作面遇断层，顶板冒落导致大量瓦斯涌出，遇火源发生燃烧。    7月23日，四川省煤炭产业集团芙蓉公司杉木树煤矿N3022风巷在排放瓦斯过程中，发生瓦斯爆炸事故，造成7人死亡。该矿为国有重点煤矿，属煤与瓦斯突出矿井，煤层具有级自然发火倾向，矿井水文地质复杂。据初步分析，事故原因是供电网络出现故障，造成局部通风机停止运行，风巷瓦斯积聚，在恢复通风过程中发生瓦斯爆炸；在未查清爆炸原因的情况下，矿领导安排排放瓦斯，在排放瓦斯过程中再次发生爆炸，造成7名救护队员死亡。    7月26日，

黑龙江
省龙煤矿业集团七台河分公司新铁煤矿发生一起顶板事故，造成2人死亡。据初步分析，事故原因是掘进工作面进行压力注水预裂煤壁时发生煤体涌出，将现场指挥的带班矿总工程师等2人掩埋，导致死亡。（记者：鲍丹）"
安监总局对煤矿安全下最后通牒,https://www.cctd.com.cn/index.php?m=content&c=index&a=show&catid=191&id=2965,2013-07-03,安监总局对煤矿安全下最后通牒,"来源：上海证券报
					
					发布时间：2013-07-03 09:14:00
					
						字号【
							小
							中
							大 】
						
						
							
                    收藏新闻",近日，国家安全监管总局、国家煤矿安监局发布《关于加强煤矿井下安全避险“六大系统”监管监察工作的通知》（下称“《通知》”），要求加快推进煤矿井下安全避险“六大系统”建设完善工作，对于2014年6月仍未按要求建设安全避险系统的煤矿将实行“一票否决”制。煤炭行业分析师认为，此通知将给煤矿安全技术装备企业带来商机。 　　据介绍，煤矿井下安全避险“六大系统”是指监测监控系统、人员定位系统、紧急避险系统、压风自救系统、供水施救系统和通信联络系统。相关规范文件要求，所有井工煤矿必须按规定建设完善“六大系统”，达到“系统可靠、设施完善、管理到位、运转有效”的要求。2010年11月，时任国家煤矿安全监察局局长赵铁锤公开表示，三年内必须建成井下安全避险“六大系统”，2013年6月为截止期限，部分煤矿企业因为成本上升问题而持观望态度。　　此次，职能部门再度发布的《通知》显然是对未及时建设“六大系统”的煤矿发出的最后通牒。《通知》要求各级煤矿安全监管监察机构要将“六大系统”建设完善工作纳入煤矿安全监管监察计划。同时明确要求对于2013年6月底前未完成“六大系统”建设完善任务的生产矿井，要责令其限期整改。而到2014年6月底仍未完成建设完善任务的，要依法责令其停产整顿，并暂扣其安全生产许可证、生产许可证。停产整顿矿井复产验收时，应将“六大系统”建设完善情况作为验收条件，没有完成的一律不得通过复产验收。另外，对于新建矿井和兼并重组、整合技改矿井则要求在设计审批、工程施工、项目验收过程中，对未设计和建设完善“六大系统”的要实行“一票否决”。　　资料显示，煤矿安全技术服务领域已出现了尤洛卡、天地科技、荣信股份、潞安环能等上市公司，分别从事煤矿顶板安全监测、大型煤矿瓦斯安全监控与排放自动化系统、可移动式矿用救生舱等业务。相关专家告诉记者，由于我国煤矿安全技术服务行业尚属朝阳产业，相关企业相对容易占据较高的市场份额。
安监总局对煤矿安全下最后通牒,https://www.cctd.com.cn/show-131-16027-1.html,2013-07-03,安监总局对煤矿安全下最后通牒,"来源：上海证券报
					
					发布时间：2013-07-03 09:14:00
					
						字号【
							小
							中
							大 】
						
						
							
                    收藏新闻",近日，国家安全监管总局、国家煤矿安监局发布《关于加强煤矿井下安全避险“六大系统”监管监察工作的通知》（下称“《通知》”），要求加快推进煤矿井下安全避险“六大系统”建设完善工作，对于2014年6月仍未按要求建设安全避险系统的煤矿将实行“一票否决”制。煤炭行业分析师认为，此通知将给煤矿安全技术装备企业带来商机。 　　据介绍，煤矿井下安全避险“六大系统”是指监测监控系统、人员定位系统、紧急避险系统、压风自救系统、供水施救系统和通信联络系统。相关规范文件要求，所有井工煤矿必须按规定建设完善“六大系统”，达到“系统可靠、设施完善、管理到位、运转有效”的要求。2010年11月，时任国家煤矿安全监察局局长赵铁锤公开表示，三年内必须建成井下安全避险“六大系统”，2013年6月为截止期限，部分煤矿企业因为成本上升问题而持观望态度。　　此次，职能部门再度发布的《通知》显然是对未及时建设“六大系统”的煤矿发出的最后通牒。《通知》要求各级煤矿安全监管监察机构要将“六大系统”建设完善工作纳入煤矿安全监管监察计划。同时明确要求对于2013年6月底前未完成“六大系统”建设完善任务的生产矿井，要责令其限期整改。而到2014年6月底仍未完成建设完善任务的，要依法责令其停产整顿，并暂扣其安全生产许可证、生产许可证。停产整顿矿井复产验收时，应将“六大系统”建设完善情况作为验收条件，没有完成的一律不得通过复产验收。另外，对于新建矿井和兼并重组、整合技改矿井则要求在设计审批、工程施工、项目验收过程中，对未设计和建设完善“六大系统”的要实行“一票否决”。　　资料显示，煤矿安全技术服务领域已出现了尤洛卡、天地科技、荣信股份、潞安环能等上市公司，分别从事煤矿顶板安全监测、大型煤矿瓦斯安全监控与排放自动化系统、可移动式矿用救生舱等业务。相关专家告诉记者，由于我国煤矿安全技术服务行业尚属朝阳产业，相关企业相对容易占据较高的市场份额。
国家安监总局：明年中未建设安全“六大系统”煤矿将停产,https://www.cctd.com.cn/index.php?m=content&c=index&a=show&catid=191&id=2964,2013-07-02,国家安监总局：明年中未建设安全“六大系统”煤矿将停产,"来源：人民网
					
					发布时间：2013-07-02 09:21:00
					
						字号【
							小
							中
							大 】
						
						
							
                    收藏新闻",据国家安全生产监督管理总局网站消息，安监总局联合国家煤矿安监局近日下发文件，要求对今年6月底前未完成井下安全避险“六大系统”建设完善任务的煤矿矿井责令限期整改，如到2014年6月底仍未完成，要依法责令其停产整顿，并暂扣其安全生产许可证、生产许可证。 煤矿的井下安全避险“六大系统”指的是监测监控、人员定位、紧急避险、压风自救、供水施救和通信联络。按通知要求，停产整顿矿井复产验收时，应将“六大系统”建设完善情况作为验收条件，没有完成的一律不得通过复产验收。新建矿井和兼并重组、整合技改矿井要将“六大系统”纳入煤矿建设项目安全设施之中，并严格执行安全设施“三同时”的规定。在矿井设计审批、工程施工、项目验收过程中，对未设计和建设完善“六大系统”的实行“一票否决”。此举是从今年6月至9月底开展的全国煤矿安全生产大检查中的一部分，本次检查按计划将对所有矿井、矿井各生产系统、各采掘工作面、各类设备设施、各类生产管理人员进行全面彻底检查。（作者 刘茸）
国家安监总局：明年中未建设安全“六大系统”煤矿将停产,https://www.cctd.com.cn/show-131-16026-1.html,2013-07-02,国家安监总局：明年中未建设安全“六大系统”煤矿将停产,"来源：人民网
					
					发布时间：2013-07-02 09:21:00
					
						字号【
							小
							中
							大 】
						
						
							
                    收藏新闻",据国家安全生产监督管理总局网站消息，安监总局联合国家煤矿安监局近日下发文件，要求对今年6月底前未完成井下安全避险“六大系统”建设完善任务的煤矿矿井责令限期整改，如到2014年6月底仍未完成，要依法责令其停产整顿，并暂扣其安全生产许可证、生产许可证。 煤矿的井下安全避险“六大系统”指的是监测监控、人员定位、紧急避险、压风自救、供水施救和通信联络。按通知要求，停产整顿矿井复产验收时，应将“六大系统”建设完善情况作为验收条件，没有完成的一律不得通过复产验收。新建矿井和兼并重组、整合技改矿井要将“六大系统”纳入煤矿建设项目安全设施之中，并严格执行安全设施“三同时”的规定。在矿井设计审批、工程施工、项目验收过程中，对未设计和建设完善“六大系统”的实行“一票否决”。此举是从今年6月至9月底开展的全国煤矿安全生产大检查中的一部分，本次检查按计划将对所有矿井、矿井各生产系统、各采掘工作面、各类设备设施、各类生产管理人员进行全面彻底检查。（作者 刘茸）
安监总局：将把煤矿应急救援放在更加突出的位置,https://www.cctd.com.cn/index.php?m=content&c=index&a=show&catid=191&id=2963,2013-06-27,安监总局：将把煤矿应急救援放在更加突出的位置,"来源：人民网
					
					发布时间：2013-06-27 09:24:00
					
						字号【
							小
							中
							大 】
						
						
							
                    收藏新闻",据国家安全监管总局网站消息，6月25日上午，第四届中国国际安全生产应急管理论坛暨应急技术与装备展览会在北京开幕。国家安全监管总局局长杨栋梁在致辞中指出，要把煤矿应急救援放在更加突出的位置，抓好基地、队伍和应急救援能力建设，强化煤矿救援装备，确保关键时能拉得出、用得上、打得响。     杨栋梁表示，中国政府高度重视安全生产，按照习近平总书记重要批示要求，始终把人民生命安全放在首位，不断完善制度、强化责任、严格监管。近年来全国安全生产形势持续稳定好转，应急管理工作功不可没。实现安全生产形势的根本好转，应急管理工作肩负着重要使命。要在充分发挥国家矿山应急救援队应急救援能力的基础上，加快推进区域矿山应急救援队和中央企业应急救援队建设，形成结构合理、上下贯通、纵横衔接、互为补充的安全生产应急救援体系。要加强资源整合和应急管理信息化建设，逐步实现互联互通、信息共享，提高应急救援快速反应、科学决策能力。要进一步加大应急装备建设的投入，配强配齐各类应急救援队伍装备和器材。要把煤矿应急救援放在更加突出的位置，抓好基地、队伍和应急救援能力建设，强化煤矿救援装备，确保关键时能拉得出、用得上、打得响。要加强应急培训教育，完善应急预案体系，搞好演练，不断增强事故防范和应对能力。（记者 仝宗莉）
安监总局：将把煤矿应急救援放在更加突出的位置,https://www.cctd.com.cn/show-131-16025-1.html,2013-06-27,安监总局：将把煤矿应急救援放在更加突出的位置,"来源：人民网
					
					发布时间：2013-06-27 09:24:00
					
						字号【
							小
							中
							大 】
						
						
							
                    收藏新闻",据国家安全监管总局网站消息，6月25日上午，第四届中国国际安全生产应急管理论坛暨应急技术与装备展览会在北京开幕。国家安全监管总局局长杨栋梁在致辞中指出，要把煤矿应急救援放在更加突出的位置，抓好基地、队伍和应急救援能力建设，强化煤矿救援装备，确保关键时能拉得出、用得上、打得响。     杨栋梁表示，中国政府高度重视安全生产，按照习近平总书记重要批示要求，始终把人民生命安全放在首位，不断完善制度、强化责任、严格监管。近年来全国安全生产形势持续稳定好转，应急管理工作功不可没。实现安全生产形势的根本好转，应急管理工作肩负着重要使命。要在充分发挥国家矿山应急救援队应急救援能力的基础上，加快推进区域矿山应急救援队和中央企业应急救援队建设，形成结构合理、上下贯通、纵横衔接、互为补充的安全生产应急救援体系。要加强资源整合和应急管理信息化建设，逐步实现互联互通、信息共享，提高应急救援快速反应、科学决策能力。要进一步加大应急装备建设的投入，配强配齐各类应急救援队伍装备和器材。要把煤矿应急救援放在更加突出的位置，抓好基地、队伍和应急救援能力建设，强化煤矿救援装备，确保关键时能拉得出、用得上、打得响。要加强应急培训教育，完善应急预案体系，搞好演练，不断增强事故防范和应对能力。（记者 仝宗莉）
安监总局要求加快建立煤矿安全长效机制,https://www.cctd.com.cn/index.php?m=content&c=index&a=show&catid=191&id=2962,2013-06-09,安监总局要求加快建立煤矿安全长效机制,"来源：中国煤炭报
					
					发布时间：2013-06-09 11:00:00
					
						字号【
							小
							中
							大 】
						
						
							
                    收藏新闻",6月5日下午，国家安全监管总局党组书记、局长杨栋梁主持召开总局党组会议，认真传达学习李克强总理等国务院领导同志在国务院第11次常务会议上的重要讲话精神，研究贯彻落实具体措施。 　　　　会议要求，切实组织开展好安全生产大检查。从6月初开始到9月底，以国务院安委会名义组织对全国所有地区、行业领域企业集中开展安全生产大检查并加强全过程的督导，做到全覆盖、不留死角，切实消除隐患。突出煤矿、消防等重点行业领域，深化安全专项整治。组织开展煤矿安全治本攻坚，严格落实《煤矿矿长保护矿工生命安全七条规定》，进一步加大整顿关闭小煤矿、严格安全准入、深化瓦斯治理、普查隐蔽致灾因素、推进自动化机械化、规范煤矿用工、提升应急救援能力七条举措工作力度，加快建立煤矿安全长效机制，有效防范遏制煤矿重特大事故。采取铁腕措施，强化“打非治违”工作。坚持“打非治违”工作长期抓、持久抓、反复抓，指导督促各地进一步加强组织领导，加大力度，严格执法，真正落实“四个一律”要求，该关的一律关闭、该罚的从重处罚、该处理的严肃处理。加强安全生产基础建设，大力提升安全保障能力。在深入调查研究的基础上，抓紧对企业安全生产基础工作提出规范性要求，继续推动企业安全生产标准化达标创建活动，推动隐患排查治理体系建设，加强班组建设，健全完善企业安全生产规章制度，夯实企业安全生产基础。
安监总局要求加快建立煤矿安全长效机制,https://www.cctd.com.cn/show-131-16024-1.html,2013-06-09,安监总局要求加快建立煤矿安全长效机制,"来源：中国煤炭报
					
					发布时间：2013-06-09 11:00:00
					
						字号【
							小
							中
							大 】
						
						
							
                    收藏新闻",6月5日下午，国家安全监管总局党组书记、局长杨栋梁主持召开总局党组会议，认真传达学习李克强总理等国务院领导同志在国务院第11次常务会议上的重要讲话精神，研究贯彻落实具体措施。 　　　　会议要求，切实组织开展好安全生产大检查。从6月初开始到9月底，以国务院安委会名义组织对全国所有地区、行业领域企业集中开展安全生产大检查并加强全过程的督导，做到全覆盖、不留死角，切实消除隐患。突出煤矿、消防等重点行业领域，深化安全专项整治。组织开展煤矿安全治本攻坚，严格落实《煤矿矿长保护矿工生命安全七条规定》，进一步加大整顿关闭小煤矿、严格安全准入、深化瓦斯治理、普查隐蔽致灾因素、推进自动化机械化、规范煤矿用工、提升应急救援能力七条举措工作力度，加快建立煤矿安全长效机制，有效防范遏制煤矿重特大事故。采取铁腕措施，强化“打非治违”工作。坚持“打非治违”工作长期抓、持久抓、反复抓，指导督促各地进一步加强组织领导，加大力度，严格执法，真正落实“四个一律”要求，该关的一律关闭、该罚的从重处罚、该处理的严肃处理。加强安全生产基础建设，大力提升安全保障能力。在深入调查研究的基础上，抓紧对企业安全生产基础工作提出规范性要求，继续推动企业安全生产标准化达标创建活动，推动隐患排查治理体系建设，加强班组建设，健全完善企业安全生产规章制度，夯实企业安全生产基础。
安监总局要求 强化煤矿安全监察执法,https://www.cctd.com.cn/index.php?m=content&c=index&a=show&catid=191&id=2961,2013-04-28,安监总局要求 强化煤矿安全监察执法,"来源：北方网
					
					发布时间：2013-04-28 09:11:00
					
						字号【
							小
							中
							大 】
						
						
							
                    收藏新闻",在近日召开的煤矿安全监察执法座谈会上，国家安全监管总局副局长、国家煤矿安监局局长付建华表示，要深刻汲取吉林通化八宝煤矿事故教训，把落实《煤矿矿长保护矿工生命安全七条规定》和推进煤矿安全“七大攻坚举措”作为全年工作重点，有效防范和坚决遏制重特大事故，促进煤矿安全生产形势持续稳定好转。 　　付建华表示，要全面推进煤矿“打非治违”专项行动，集中开展百日宣教行动。以专项执法检查、异地监察执法等形式，监督检查“铁七条”贯彻落实情况。对不落实“铁七条”、存在重大隐患的煤矿，要坚决责令停产整顿，依规定上限实施行政处罚；对漠视“铁七条”、造成事故的矿长，要依法追究责任；对隐患整改不认真、整改无望的矿井，要建议地方政府坚决依法关闭。
安监总局要求 强化煤矿安全监察执法,https://www.cctd.com.cn/show-131-16023-1.html,2013-04-28,安监总局要求 强化煤矿安全监察执法,"来源：北方网
					
					发布时间：2013-04-28 09:11:00
					
						字号【
							小
							中
							大 】
						
						
							
                    收藏新闻",在近日召开的煤矿安全监察执法座谈会上，国家安全监管总局副局长、国家煤矿安监局局长付建华表示，要深刻汲取吉林通化八宝煤矿事故教训，把落实《煤矿矿长保护矿工生命安全七条规定》和推进煤矿安全“七大攻坚举措”作为全年工作重点，有效防范和坚决遏制重特大事故，促进煤矿安全生产形势持续稳定好转。 　　付建华表示，要全面推进煤矿“打非治违”专项行动，集中开展百日宣教行动。以专项执法检查、异地监察执法等形式，监督检查“铁七条”贯彻落实情况。对不落实“铁七条”、存在重大隐患的煤矿，要坚决责令停产整顿，依规定上限实施行政处罚；对漠视“铁七条”、造成事故的矿长，要依法追究责任；对隐患整改不认真、整改无望的矿井，要建议地方政府坚决依法关闭。
国家安监总局督导调研组在各地推进落实《七条规定》,https://www.cctd.com.cn/index.php?m=content&c=index&a=show&catid=191&id=2960,2013-03-22,国家安监总局督导调研组在各地推进落实《七条规定》,"来源：中国煤炭报
					
					发布时间：2013-03-22 10:05:00
					
						字号【
							小
							中
							大 】
						
						
							
                    收藏新闻","近日，国家安监总局督导调研组在

河北
、辽宁、湖北、湖南、

陕西
等地开展专项督导调研，推进落实《煤矿矿长保护矿工生命安全七条规定》。督导调研组强调，要认识到位、落实到位，进一步夯实煤矿安全生产基础，推动煤矿安全生产工作再上新水平。    第二督导调研组3月5日至14日在河北省、辽宁省开展督导调研。国家安监总局党组成员、副局长、督导调研组组长杨元元要求，所有矿长对《七条规定》逐字逐条进行研究，领会精神实质，把握准确内涵，做到烂熟于心，真正把《七条规定》落实到煤矿领导的安全理念中，落实到对矿工的深厚感情中，落实到对安全生产的层层责任中，落实到现场管理的各个环节中。    第四督导调研组2月22日至3月2日先后在湖北省、湖南省开展督导调研。总局党组成员、副局长、督导调研组组长孙华山强调，要把签署承诺书作为落实《七条规定》的重要抓手，把落实承诺书作为衡量企业安全诚信水平的基本标准，着力形成矿长主体责任、企业管理人员监管责任与矿工岗位责任相统一的责任保障体系。    第五督导调研组2月26日至28日在陕西省开展督导调研。总局党组成员、副局长、国家煤监局局长付建华结合近年来的典型事故案例，逐条解析了《七条规定》的主要内容及刚性要求。他指出，《七条规定》明确了矿长必须做的、严禁做的，是煤矿安全生产工作的着力之处，要大力宣传、狠抓落实，贯彻到每一个矿长、每一名矿工。    第六督导调研组2月27日至3月18日先后在广西壮族自治区、云南省开展督导调研。中央纪委驻总局纪检组组长、总局党组成员、督导调研组组长赵惠令指出，《七条规定》的颁布切中了当前煤矿安全生产工作的要害，一定要扎扎实实地把《七条规定》学习好、宣传好、贯彻好、落实好。两省（自治区）安全生产形势依然严峻，各部门要统筹结合，把贯彻落实《七条规定》与“打非治违”活动结合起来，与煤矿日常监管、专项治理、安全基础建设等结合起来。煤矿矿长和煤矿企业负责同志要把维护矿工兄弟的生命安全作为天职，尽心尽力，尽职尽责。    第八督导调研组2月25日至28日、3月5日至13日，分别在宁夏回族自治区、新疆维吾尔自治区以及新疆生产建设兵团开展督导调研。国家煤监局副局长、总工程师、督导调研组组长王树鹤强调，“七个必须，七个严禁”是高压线，也是底线，每个矿长都必须一字不差地背下来。做不到的矿长，就别干，达不到要求的煤矿，就关停。    第九督导调研组3月11日至15日在青海省、甘肃省开展督导调研。国家煤监局副局长、督导调研组组长彭建勋强调，大力推进煤矿安全攻坚克难“七项举措”，不断强化煤矿安全生产基层、基础和基本功，进一步夯实煤矿安全生产基础，努力使煤矿安全生产工作再上新水平。    第十督导调研组3月5日至7日在

河南
省开展督导调研。国家煤监局副局长、督导调研组组长黄玉治肯定了河南省的煤矿安全生产工作，并针对河南省实际提出了七项要求。3月8日，黄玉治率队在北京督导调研期间，与该市仅有的4个煤矿矿长签订了承诺书。    第十一督导调研组2月27日至28日、3月6日至8日、3月12日至14日，分别在福建省、

江苏
省、

安徽
省开展督导调研。国家煤监局副局长、督导调研组组长李万疆指出，学习贯彻《七条规定》不是一场运动，而是一项长期工作，要落实到所有煤矿、矿长和矿工，切实做到“铁七条、刚执行、全覆盖、真落实、见实效”。    （记者杜振杰 黎文 郝军超 黄雄 欧植兆 肖来朋 张长山 梁涵之 尉旭 牛金杰 武跃进 赵鹏璞 柯荫渠 马秀连 丁继民 耿梦济 通讯员聂欣报道）"
国家安监总局督导调研组在各地推进落实《七条规定》,https://www.cctd.com.cn/show-131-16022-1.html,2013-03-22,国家安监总局督导调研组在各地推进落实《七条规定》,"来源：中国煤炭报
					
					发布时间：2013-03-22 10:05:00
					
						字号【
							小
							中
							大 】
						
						
							
                    收藏新闻","近日，国家安监总局督导调研组在

河北
、辽宁、湖北、湖南、

陕西
等地开展专项督导调研，推进落实《煤矿矿长保护矿工生命安全七条规定》。督导调研组强调，要认识到位、落实到位，进一步夯实煤矿安全生产基础，推动煤矿安全生产工作再上新水平。    第二督导调研组3月5日至14日在河北省、辽宁省开展督导调研。国家安监总局党组成员、副局长、督导调研组组长杨元元要求，所有矿长对《七条规定》逐字逐条进行研究，领会精神实质，把握准确内涵，做到烂熟于心，真正把《七条规定》落实到煤矿领导的安全理念中，落实到对矿工的深厚感情中，落实到对安全生产的层层责任中，落实到现场管理的各个环节中。    第四督导调研组2月22日至3月2日先后在湖北省、湖南省开展督导调研。总局党组成员、副局长、督导调研组组长孙华山强调，要把签署承诺书作为落实《七条规定》的重要抓手，把落实承诺书作为衡量企业安全诚信水平的基本标准，着力形成矿长主体责任、企业管理人员监管责任与矿工岗位责任相统一的责任保障体系。    第五督导调研组2月26日至28日在陕西省开展督导调研。总局党组成员、副局长、国家煤监局局长付建华结合近年来的典型事故案例，逐条解析了《七条规定》的主要内容及刚性要求。他指出，《七条规定》明确了矿长必须做的、严禁做的，是煤矿安全生产工作的着力之处，要大力宣传、狠抓落实，贯彻到每一个矿长、每一名矿工。    第六督导调研组2月27日至3月18日先后在广西壮族自治区、云南省开展督导调研。中央纪委驻总局纪检组组长、总局党组成员、督导调研组组长赵惠令指出，《七条规定》的颁布切中了当前煤矿安全生产工作的要害，一定要扎扎实实地把《七条规定》学习好、宣传好、贯彻好、落实好。两省（自治区）安全生产形势依然严峻，各部门要统筹结合，把贯彻落实《七条规定》与“打非治违”活动结合起来，与煤矿日常监管、专项治理、安全基础建设等结合起来。煤矿矿长和煤矿企业负责同志要把维护矿工兄弟的生命安全作为天职，尽心尽力，尽职尽责。    第八督导调研组2月25日至28日、3月5日至13日，分别在宁夏回族自治区、新疆维吾尔自治区以及新疆生产建设兵团开展督导调研。国家煤监局副局长、总工程师、督导调研组组长王树鹤强调，“七个必须，七个严禁”是高压线，也是底线，每个矿长都必须一字不差地背下来。做不到的矿长，就别干，达不到要求的煤矿，就关停。    第九督导调研组3月11日至15日在青海省、甘肃省开展督导调研。国家煤监局副局长、督导调研组组长彭建勋强调，大力推进煤矿安全攻坚克难“七项举措”，不断强化煤矿安全生产基层、基础和基本功，进一步夯实煤矿安全生产基础，努力使煤矿安全生产工作再上新水平。    第十督导调研组3月5日至7日在

河南
省开展督导调研。国家煤监局副局长、督导调研组组长黄玉治肯定了河南省的煤矿安全生产工作，并针对河南省实际提出了七项要求。3月8日，黄玉治率队在北京督导调研期间，与该市仅有的4个煤矿矿长签订了承诺书。    第十一督导调研组2月27日至28日、3月6日至8日、3月12日至14日，分别在福建省、

江苏
省、

安徽
省开展督导调研。国家煤监局副局长、督导调研组组长李万疆指出，学习贯彻《七条规定》不是一场运动，而是一项长期工作，要落实到所有煤矿、矿长和矿工，切实做到“铁七条、刚执行、全覆盖、真落实、见实效”。    （记者杜振杰 黎文 郝军超 黄雄 欧植兆 肖来朋 张长山 梁涵之 尉旭 牛金杰 武跃进 赵鹏璞 柯荫渠 马秀连 丁继民 耿梦济 通讯员聂欣报道）"
安监总局：煤矿集团不许下达超能力指标,https://www.cctd.com.cn/index.php?m=content&c=index&a=show&catid=191&id=2959,2013-03-18,安监总局：煤矿集团不许下达超能力指标,"来源：法制日报
					
					发布时间：2013-03-18 09:27:00
					
						字号【
							小
							中
							大 】
						
						
							
                    收藏新闻","国家安全监管总局和国家煤矿安监局通报了三起国有重点煤矿事故情况，指出三起事故暴露出一些煤矿企业特别是部分国有重点煤矿存在矿长保护矿工生命安全意识不强，没有严格落实《煤矿矿长保护矿工生命安全七条规定》。要求各煤矿企业集团不得对所属矿井下达超能力的生产指标，否则由此引发事故的，要从严追究集团公司主要负责人的责任。 2013年3月12日，

贵州
省水城矿业集团格目底矿业公司格目底一号矿井(马场煤矿)发生煤与瓦斯突出事故，22人死亡，3人下落不明。事故透露，该矿拒不执行停产指令，违章冒险作业，事故当班没有矿领导带班下井。3月11日，

黑龙江
省龙煤集团鹤岗分公司振兴煤矿发生溃水溃泥事故，目前7名矿工获救升井，仍有18人被困。2月28日，

河北
省冀中能源集团张家口矿业集团公司艾家沟煤矿发生火灾事故，12人死亡，1人下落不明。事故暴露该矿严重违反规定，安全意识淡薄。两部门指出，这3起事故给人民群众生命财产造成重大损失，性质较为恶劣，社会影响极大，教训十分深刻。决定，对贵州省水城矿业集团、黑龙江省龙煤集团、河北省冀中能源集团提出通报批评，责成其主要负责人向所在省政府作出书面检查，并抄报国家安全监管总局、国家煤矿安监局。此外，责成水城矿业集团格目底矿业公司、龙煤集团鹤岗分公司、冀中能源张矿集团所属煤矿全部停产整顿，其主要负责人公开检讨。责成马场煤矿、振兴煤矿、艾家沟煤矿的矿长立即停职检查，由有关部门依法吊销矿长资格证、矿长安全资格证。具体的事故责任，由事故调查组依法认定，相关部门严肃处理。贵州省六盘水市行政区域内所有煤与瓦斯突出矿井一律立即停产整顿。未经验收合格的，一律不得恢复生产。两部门要求，所有煤矿企业必须按照规定提足用好安全费用，落实隐患排查整改、技术改造、提升装备水平、安全培训等所需资金，不得因为经济效益下滑减少安全投入。煤矿企业的各级领导要严格执行带班下井制度。各煤矿企业集团不得对所属矿井下达超能力的生产指标，否则由此引发事故的，要从严追究集团公司主要负责人的责任。此外，严格煤矿复产验收工作，不符合《七条规定》的煤矿，一律不得复工复产。两部门还要求贵州、黑龙江、河北煤矿安全监察局要依法、严肃、严谨组织事故调查，在规定期限内完成这3起事故调查工作，并向社会公布处理结果。"
安监总局：煤矿集团不许下达超能力指标,https://www.cctd.com.cn/show-131-16021-1.html,2013-03-18,安监总局：煤矿集团不许下达超能力指标,"来源：法制日报
					
					发布时间：2013-03-18 09:27:00
					
						字号【
							小
							中
							大 】
						
						
							
                    收藏新闻","国家安全监管总局和国家煤矿安监局通报了三起国有重点煤矿事故情况，指出三起事故暴露出一些煤矿企业特别是部分国有重点煤矿存在矿长保护矿工生命安全意识不强，没有严格落实《煤矿矿长保护矿工生命安全七条规定》。要求各煤矿企业集团不得对所属矿井下达超能力的生产指标，否则由此引发事故的，要从严追究集团公司主要负责人的责任。 2013年3月12日，

贵州
省水城矿业集团格目底矿业公司格目底一号矿井(马场煤矿)发生煤与瓦斯突出事故，22人死亡，3人下落不明。事故透露，该矿拒不执行停产指令，违章冒险作业，事故当班没有矿领导带班下井。3月11日，

黑龙江
省龙煤集团鹤岗分公司振兴煤矿发生溃水溃泥事故，目前7名矿工获救升井，仍有18人被困。2月28日，

河北
省冀中能源集团张家口矿业集团公司艾家沟煤矿发生火灾事故，12人死亡，1人下落不明。事故暴露该矿严重违反规定，安全意识淡薄。两部门指出，这3起事故给人民群众生命财产造成重大损失，性质较为恶劣，社会影响极大，教训十分深刻。决定，对贵州省水城矿业集团、黑龙江省龙煤集团、河北省冀中能源集团提出通报批评，责成其主要负责人向所在省政府作出书面检查，并抄报国家安全监管总局、国家煤矿安监局。此外，责成水城矿业集团格目底矿业公司、龙煤集团鹤岗分公司、冀中能源张矿集团所属煤矿全部停产整顿，其主要负责人公开检讨。责成马场煤矿、振兴煤矿、艾家沟煤矿的矿长立即停职检查，由有关部门依法吊销矿长资格证、矿长安全资格证。具体的事故责任，由事故调查组依法认定，相关部门严肃处理。贵州省六盘水市行政区域内所有煤与瓦斯突出矿井一律立即停产整顿。未经验收合格的，一律不得恢复生产。两部门要求，所有煤矿企业必须按照规定提足用好安全费用，落实隐患排查整改、技术改造、提升装备水平、安全培训等所需资金，不得因为经济效益下滑减少安全投入。煤矿企业的各级领导要严格执行带班下井制度。各煤矿企业集团不得对所属矿井下达超能力的生产指标，否则由此引发事故的，要从严追究集团公司主要负责人的责任。此外，严格煤矿复产验收工作，不符合《七条规定》的煤矿，一律不得复工复产。两部门还要求贵州、黑龙江、河北煤矿安全监察局要依法、严肃、严谨组织事故调查，在规定期限内完成这3起事故调查工作，并向社会公布处理结果。"
国家安监总局局长杨栋梁称赞山西安全生产成绩显著,https://www.cctd.com.cn/index.php?m=content&c=index&a=show&catid=191&id=2958,2013-03-08,国家安监总局局长杨栋梁称赞山西安全生产成绩显著,"来源：山西日报
					
					发布时间：2013-03-08 10:10:00
					
						字号【
							小
							中
							大 】
						
						
							
                    收藏新闻","3月7日，国家安监总局党组书记、局长杨栋梁称赞：“

山西
安全生产取得了显著成绩，煤矿百万吨死亡率连续两年都在0.1以下，远远低于全国平均水平。作为产煤大省，能够取得这样的成绩，非常了不起！”     当日上午，杨栋梁与国家发改委、财政部、能源局的同志一起到山西代表团听取全国人大代表对部委工作的意见和建议，杨栋梁对山西安全生产取得的成绩给予高度评价。     他说，山西是煤炭资源大省，比任何一个省事故发生的几率都高、风险都大，与其他省相比，要付出很多，做很多艰苦的工作。近年来，山西省委、省政府高度重视安全生产工作，始终绷紧安全生产这根弦，严格落实一票否决、一岗双责等制度，各级责任体系完备；大力转变发展方式，淘汰落后小煤矿，不符合安全生产的兼并重组，走大集团、大基地、大企业的路子，安全生产水平、劳动生产率、资源利用率全部提高。2008年，各类事故总死亡人数3744人，到2012年，降低到1237人。2008年，煤矿事故总死亡人数308人，2012年，降低到83人。2008年重特大事故发生9起，2012年只有3起，而且连续3年没有发生特别重大事故。煤矿百万吨死亡率下降了80.30%，连续两年都在0.1以下。全国煤炭百万吨死亡率去年是0.374，山西远远低于全国平均水平，安全生产成效十分显著。前不久，《人民日报》专门报道了山西治理煤矿、加强安全生产的做法，在全国引起强烈反响，中央领导作出批示，国家安监总局向全国转发了山西的经验。     杨栋梁说，安全生产只有始点，没有终点，希望山西再接再厉。"
国家安监总局局长杨栋梁称赞山西安全生产成绩显著,https://www.cctd.com.cn/show-131-16020-1.html,2013-03-08,国家安监总局局长杨栋梁称赞山西安全生产成绩显著,"来源：山西日报
					
					发布时间：2013-03-08 10:10:00
					
						字号【
							小
							中
							大 】
						
						
							
                    收藏新闻","3月7日，国家安监总局党组书记、局长杨栋梁称赞：“

山西
安全生产取得了显著成绩，煤矿百万吨死亡率连续两年都在0.1以下，远远低于全国平均水平。作为产煤大省，能够取得这样的成绩，非常了不起！”     当日上午，杨栋梁与国家发改委、财政部、能源局的同志一起到山西代表团听取全国人大代表对部委工作的意见和建议，杨栋梁对山西安全生产取得的成绩给予高度评价。     他说，山西是煤炭资源大省，比任何一个省事故发生的几率都高、风险都大，与其他省相比，要付出很多，做很多艰苦的工作。近年来，山西省委、省政府高度重视安全生产工作，始终绷紧安全生产这根弦，严格落实一票否决、一岗双责等制度，各级责任体系完备；大力转变发展方式，淘汰落后小煤矿，不符合安全生产的兼并重组，走大集团、大基地、大企业的路子，安全生产水平、劳动生产率、资源利用率全部提高。2008年，各类事故总死亡人数3744人，到2012年，降低到1237人。2008年，煤矿事故总死亡人数308人，2012年，降低到83人。2008年重特大事故发生9起，2012年只有3起，而且连续3年没有发生特别重大事故。煤矿百万吨死亡率下降了80.30%，连续两年都在0.1以下。全国煤炭百万吨死亡率去年是0.374，山西远远低于全国平均水平，安全生产成效十分显著。前不久，《人民日报》专门报道了山西治理煤矿、加强安全生产的做法，在全国引起强烈反响，中央领导作出批示，国家安监总局向全国转发了山西的经验。     杨栋梁说，安全生产只有始点，没有终点，希望山西再接再厉。"
安监总局副局长强调：积极推动煤炭行业安全发展,https://www.cctd.com.cn/index.php?m=content&c=index&a=show&catid=191&id=2957,2013-02-26,安监总局副局长强调：积极推动煤炭行业安全发展,"来源：中国政府网
					
					发布时间：2013-02-26 09:23:00
					
						字号【
							小
							中
							大 】
						
						
							
                    收藏新闻","2月22日至23日，国家安全监管总局副局长孙华山率队在湖北开展督导调研，先后听取了湖北省政府的汇报，出席了湖北省《煤矿矿长保护矿工生命安全七条规定》的宣贯大会，并提出了要求。　　孙华山指出，湖北在全国率先宣贯《七条规定》，统一组织，对全省400个矿长集中宣讲，统一考试并签订承诺书，向全省煤矿发放《倡议书》以及展板，每名矿工一张《七条规定》卡,实现了宣贯三个100%一次到位。这些针对性的措施充分体现了湖北省对宣贯工作的高度重视，行动迅速，亮点突出。他强调，湖北在全国宣贯工作中开了好头，要借势狠抓落实。《七条规定》的学习贯彻关键在矿长，矿长必须率先垂范，做到记在心里，抓在手上，落实到行动上。要把签署承诺书作为落实《七条规定》的重要抓手，把落实承诺书作为衡量企业安全诚信水平的基本标准，着力形成矿长主体责任、管理人员监管责任与矿工岗位责任相统一的责任保障体系。要通过深入开展“保护矿工生命安全、矿长守规尽责”主题实践活动，把《七条规定》贯彻落实纳入煤矿“打非治违”工作重点，切实发挥群众监督和社会舆论的导向作用，并以此为契机，强化煤矿安全基础建设，提升安全基础保障能力。　　督导调研中，孙华山要求，湖北要率先探索强化企业安全基础建设的具体内涵和内容要求，推进安全责任保险试点工作，加快制订其他行业领域类似《七条规定》的要求，抓牢企业安全主体责任的落实工作，为全国提供有力的借鉴支持。同时，要深入分析当前安全生产工作的新情况，准确把握重点与难点，采取有力措施，认真做好春节和“两会”期间的安全生产工作。"
安监总局副局长强调：积极推动煤炭行业安全发展,https://www.cctd.com.cn/show-131-16019-1.html,2013-02-26,安监总局副局长强调：积极推动煤炭行业安全发展,"来源：中国政府网
					
					发布时间：2013-02-26 09:23:00
					
						字号【
							小
							中
							大 】
						
						
							
                    收藏新闻","2月22日至23日，国家安全监管总局副局长孙华山率队在湖北开展督导调研，先后听取了湖北省政府的汇报，出席了湖北省《煤矿矿长保护矿工生命安全七条规定》的宣贯大会，并提出了要求。　　孙华山指出，湖北在全国率先宣贯《七条规定》，统一组织，对全省400个矿长集中宣讲，统一考试并签订承诺书，向全省煤矿发放《倡议书》以及展板，每名矿工一张《七条规定》卡,实现了宣贯三个100%一次到位。这些针对性的措施充分体现了湖北省对宣贯工作的高度重视，行动迅速，亮点突出。他强调，湖北在全国宣贯工作中开了好头，要借势狠抓落实。《七条规定》的学习贯彻关键在矿长，矿长必须率先垂范，做到记在心里，抓在手上，落实到行动上。要把签署承诺书作为落实《七条规定》的重要抓手，把落实承诺书作为衡量企业安全诚信水平的基本标准，着力形成矿长主体责任、管理人员监管责任与矿工岗位责任相统一的责任保障体系。要通过深入开展“保护矿工生命安全、矿长守规尽责”主题实践活动，把《七条规定》贯彻落实纳入煤矿“打非治违”工作重点，切实发挥群众监督和社会舆论的导向作用，并以此为契机，强化煤矿安全基础建设，提升安全基础保障能力。　　督导调研中，孙华山要求，湖北要率先探索强化企业安全基础建设的具体内涵和内容要求，推进安全责任保险试点工作，加快制订其他行业领域类似《七条规定》的要求，抓牢企业安全主体责任的落实工作，为全国提供有力的借鉴支持。同时，要深入分析当前安全生产工作的新情况，准确把握重点与难点，采取有力措施，认真做好春节和“两会”期间的安全生产工作。"
安监总局将停止审批高瓦斯矿井加速行业新一轮整合,https://www.cctd.com.cn/index.php?m=content&c=index&a=show&catid=191&id=2956,2013-02-26,安监总局将停止审批高瓦斯矿井加速行业新一轮整合,"来源：中国网
					
					发布时间：2013-02-26 09:06:00
					
						字号【
							小
							中
							大 】
						
						
							
                    收藏新闻","昨日发布的《2013年煤矿安全工作要点》指出，2013年我国将整顿关闭金属非金属矿山5000座以上，坚决停止审批新建30万吨/年以下高瓦斯矿井和45万吨/年以下煤与瓦斯突出矿井。业内人士认为，相关措施将促进行业整合，改善煤炭行业产能过剩的局面。 　　安监总局要求，2013年要推进整顿关闭。凡不符合产业政策，不具备安全生产条件的煤矿，一律停产整顿；到期仍达不到标准要求的煤矿，坚决依法关闭淘汰。5000座以上是整顿关闭金属非金属矿山的硬性指标。　　安监总局特别提出，要坚决落实小煤矿关闭退出任务，四川、重庆、

贵州
、云南、湖南、

黑龙江
、江西、湖北、辽宁等小煤矿数量多、灾害严重的地区，必须加大工作力度。同时，安监总局将严格项目审批。坚决停止审批新建30万吨/年以下高瓦斯矿井和45万吨/年以下煤与瓦斯突出矿井。　　目前，我国煤炭行业正饱受产能过剩之苦。中国煤炭工业协会的数据表明，2012年，全国

煤炭产量
36 .6亿吨，同比增长4%左右。全国主要港口煤炭发运6.2亿吨，下降5.4%。与此同时，

煤炭进口
量大幅增加。2012年，我国进口煤炭2.89亿吨，同比增长29.8%；而出口则同比下降36.8%。　　受进口冲击，

煤炭库存
大幅攀升，价格持续下降。截至去年年底，全国

煤炭企业


存煤
8500万吨，增长58%；主要港口存煤4351万吨，同比增长26.8%。

秦皇岛
港5500大卡市场动力煤平仓价630元-640元/吨，比年初下降170元/吨左右。　　业内人士认为，“十二五”后三年是煤炭产能集中释放期，预计平均每年将有4亿吨-5亿吨产能释放，而同期每年消费增量只有2亿吨左右，供过于求形势十分严峻。　　严峻的产能过剩局面也为行业整合带来了机遇。业内人士认为，相关措施将导致一些效率低、资源条件差的企业被淘汰出局，今后的市场竞争将主要在大型

煤炭集团
间展开，也为煤炭资源进一步整合埋下了伏笔。"
安监总局将停止审批高瓦斯矿井加速行业新一轮整合,https://www.cctd.com.cn/show-131-16018-1.html,2013-02-26,安监总局将停止审批高瓦斯矿井加速行业新一轮整合,"来源：中国网
					
					发布时间：2013-02-26 09:06:00
					
						字号【
							小
							中
							大 】
						
						
							
                    收藏新闻","昨日发布的《2013年煤矿安全工作要点》指出，2013年我国将整顿关闭金属非金属矿山5000座以上，坚决停止审批新建30万吨/年以下高瓦斯矿井和45万吨/年以下煤与瓦斯突出矿井。业内人士认为，相关措施将促进行业整合，改善煤炭行业产能过剩的局面。 　　安监总局要求，2013年要推进整顿关闭。凡不符合产业政策，不具备安全生产条件的煤矿，一律停产整顿；到期仍达不到标准要求的煤矿，坚决依法关闭淘汰。5000座以上是整顿关闭金属非金属矿山的硬性指标。　　安监总局特别提出，要坚决落实小煤矿关闭退出任务，四川、重庆、

贵州
、云南、湖南、

黑龙江
、江西、湖北、辽宁等小煤矿数量多、灾害严重的地区，必须加大工作力度。同时，安监总局将严格项目审批。坚决停止审批新建30万吨/年以下高瓦斯矿井和45万吨/年以下煤与瓦斯突出矿井。　　目前，我国煤炭行业正饱受产能过剩之苦。中国煤炭工业协会的数据表明，2012年，全国

煤炭产量
36 .6亿吨，同比增长4%左右。全国主要港口煤炭发运6.2亿吨，下降5.4%。与此同时，

煤炭进口
量大幅增加。2012年，我国进口煤炭2.89亿吨，同比增长29.8%；而出口则同比下降36.8%。　　受进口冲击，

煤炭库存
大幅攀升，价格持续下降。截至去年年底，全国

煤炭企业


存煤
8500万吨，增长58%；主要港口存煤4351万吨，同比增长26.8%。

秦皇岛
港5500大卡市场动力煤平仓价630元-640元/吨，比年初下降170元/吨左右。　　业内人士认为，“十二五”后三年是煤炭产能集中释放期，预计平均每年将有4亿吨-5亿吨产能释放，而同期每年消费增量只有2亿吨左右，供过于求形势十分严峻。　　严峻的产能过剩局面也为行业整合带来了机遇。业内人士认为，相关措施将导致一些效率低、资源条件差的企业被淘汰出局，今后的市场竞争将主要在大型

煤炭集团
间展开，也为煤炭资源进一步整合埋下了伏笔。"
安监总局国家煤监局致全国煤矿各位矿长的信,https://www.cctd.com.cn/index.php?m=content&c=index&a=show&catid=191&id=2955,2013-02-22,安监总局国家煤监局致全国煤矿各位矿长的信,"来源：国家安监总局
					
					发布时间：2013-02-22 09:43:00
					
						字号【
							小
							中
							大 】
						
						
							
                    收藏新闻",致全国煤矿各位矿长的信全国煤矿各位矿长同志们：    首先对你们长期以来为煤矿安全生产所付出的艰辛和努力表示诚挚问候和衷心感谢！       煤炭是我国的主要能源，煤矿也是高危行业。近年来，在党中央、国务院的高度重视和坚强领导下，在各方面的共同努力下，煤矿安全生产状况持续稳定好转，这其中你们也功不可没。但由于现阶段煤矿安全基础仍较薄弱，重特大事故时有发生，教训极其惨痛。血的教训必须深刻吸取，分分秒秒都不能忘记。        安全第一、生命至上。矿工常年在井下作业，牺牲了应该享受的阳光，而把光和热奉献给人民，他们理应受到全社会的尊重和关爱。我们一定要满怀深厚的感情，真正把矿工当亲人、当兄弟，从心底深处和各项工作中关心他们的生命健康，为他们撑起一片安全蓝天。           最近，安监总局制定了《煤矿矿长保护矿工生命安全七条规定》。这既是加强安全生产的铁律，更是对550万矿工的承诺。希望你们严格执行，履职尽责，强化管理，夯实基础，有效防范遏制各类事故尤其是重特大事故，确保每一个矿工都“高高兴兴上班来，安安全全回家去”。   国家安全生产监督管理总局国家煤矿安全监察局2013年2月
安监总局国家煤监局致全国煤矿各位矿长的信,https://www.cctd.com.cn/show-131-16017-1.html,2013-02-22,安监总局国家煤监局致全国煤矿各位矿长的信,"来源：国家安监总局
					
					发布时间：2013-02-22 09:43:00
					
						字号【
							小
							中
							大 】
						
						
							
                    收藏新闻",致全国煤矿各位矿长的信全国煤矿各位矿长同志们：    首先对你们长期以来为煤矿安全生产所付出的艰辛和努力表示诚挚问候和衷心感谢！       煤炭是我国的主要能源，煤矿也是高危行业。近年来，在党中央、国务院的高度重视和坚强领导下，在各方面的共同努力下，煤矿安全生产状况持续稳定好转，这其中你们也功不可没。但由于现阶段煤矿安全基础仍较薄弱，重特大事故时有发生，教训极其惨痛。血的教训必须深刻吸取，分分秒秒都不能忘记。        安全第一、生命至上。矿工常年在井下作业，牺牲了应该享受的阳光，而把光和热奉献给人民，他们理应受到全社会的尊重和关爱。我们一定要满怀深厚的感情，真正把矿工当亲人、当兄弟，从心底深处和各项工作中关心他们的生命健康，为他们撑起一片安全蓝天。           最近，安监总局制定了《煤矿矿长保护矿工生命安全七条规定》。这既是加强安全生产的铁律，更是对550万矿工的承诺。希望你们严格执行，履职尽责，强化管理，夯实基础，有效防范遏制各类事故尤其是重特大事故，确保每一个矿工都“高高兴兴上班来，安安全全回家去”。   国家安全生产监督管理总局国家煤矿安全监察局2013年2月
安监总局：将赴26产煤省份推进落实“七条规定”,https://www.cctd.com.cn/index.php?m=content&c=index&a=show&catid=191&id=2954,2013-02-20,安监总局：将赴26产煤省份推进落实“七条规定”,"来源：中国新闻网
					
					发布时间：2013-02-20 08:52:00
					
						字号【
							小
							中
							大 】
						
						
							
                    收藏新闻",据国家安全监管总局网站消息，2月18日国家安全监管总局党组书记、局长杨栋梁主持召开节后首次局长办公会，专题研究煤矿安全生产工作。杨栋梁强调，要确保实现煤矿事故总量、较大以上事故、煤炭百万吨死亡率“三个继续下降”的目标，为全国安全生产状况的持续好转奠定坚实基础。     杨栋梁指出，近年来煤矿安全生产工作取得显著成绩，但就全国安全生产现状看，不可控、不放心的还是煤矿，任务最艰巨也是煤矿，必须把煤矿安全始终作为重中之重，以全面落实“七条规定”为主抓手、推动力，不断促进提高煤矿安全生产水平。    杨栋梁强调，不折不扣地抓好“七条规定”落实，要切实加强四个方面的工作：一要进一步提高认识。“七条规定”字字重千金，句句都是生命线、底线、红线、高压线，条条大如天，是煤矿安全生产工作的着力之处，必须作为“铁律”，毫不松懈、刚性执法，点对点、面对面，全面覆盖并真正落实到所有煤矿和矿长。    二要切实加强组织领导。要以“保护矿工生命，矿长守规尽责”为主题，从2月下旬至5月底集中组织开展为期100天的宣教活动，并纳入6月“安全生产月”和“安全生产万里行”的重点内容，进一步深化推进。各级领导同志要高度重视，总局和煤矿安监局领导要亲力亲为，按照分工下到基层，带头宣讲落实。各产煤地区及相关部门要坚持宣传与落实相结合，多层次加强工作推动。     三要强措施动实招。要充分依靠各产煤地区党委、政府，安全监管、煤矿安监和煤炭行业管理部门，层层发动，针对不同地区煤矿特点，细化宣传落实工作措施，通过集中宣讲培训，送总局给矿长的信、矿长给矿工的信、矿工家属给矿长的信及签订矿长承诺书，媒体宣传和舆论监督，总结推广典型经验等多种方式，促进“七条规定”落实到位。    四要确保见到实效。要通过宣传推动，条条抓好落实，切实使矿长入脑入心，激发加强安全生产工作的内在动力，强化煤矿安全基础建设，不断创新安全管理，务必在进一步减少事故总量、有效防范和坚决遏制重特大事故上见到实实在在的效果。    会议还研究决定，从2月20日至3月25日，总局和煤矿安监局领导同志带队，分11个组到全国26个产煤省份，开展专项督查调研，推进落实“七条规定”。
安监总局：将赴26产煤省份推进落实“七条规定”,https://www.cctd.com.cn/show-131-16016-1.html,2013-02-20,安监总局：将赴26产煤省份推进落实“七条规定”,"来源：中国新闻网
					
					发布时间：2013-02-20 08:52:00
					
						字号【
							小
							中
							大 】
						
						
							
                    收藏新闻",据国家安全监管总局网站消息，2月18日国家安全监管总局党组书记、局长杨栋梁主持召开节后首次局长办公会，专题研究煤矿安全生产工作。杨栋梁强调，要确保实现煤矿事故总量、较大以上事故、煤炭百万吨死亡率“三个继续下降”的目标，为全国安全生产状况的持续好转奠定坚实基础。     杨栋梁指出，近年来煤矿安全生产工作取得显著成绩，但就全国安全生产现状看，不可控、不放心的还是煤矿，任务最艰巨也是煤矿，必须把煤矿安全始终作为重中之重，以全面落实“七条规定”为主抓手、推动力，不断促进提高煤矿安全生产水平。    杨栋梁强调，不折不扣地抓好“七条规定”落实，要切实加强四个方面的工作：一要进一步提高认识。“七条规定”字字重千金，句句都是生命线、底线、红线、高压线，条条大如天，是煤矿安全生产工作的着力之处，必须作为“铁律”，毫不松懈、刚性执法，点对点、面对面，全面覆盖并真正落实到所有煤矿和矿长。    二要切实加强组织领导。要以“保护矿工生命，矿长守规尽责”为主题，从2月下旬至5月底集中组织开展为期100天的宣教活动，并纳入6月“安全生产月”和“安全生产万里行”的重点内容，进一步深化推进。各级领导同志要高度重视，总局和煤矿安监局领导要亲力亲为，按照分工下到基层，带头宣讲落实。各产煤地区及相关部门要坚持宣传与落实相结合，多层次加强工作推动。     三要强措施动实招。要充分依靠各产煤地区党委、政府，安全监管、煤矿安监和煤炭行业管理部门，层层发动，针对不同地区煤矿特点，细化宣传落实工作措施，通过集中宣讲培训，送总局给矿长的信、矿长给矿工的信、矿工家属给矿长的信及签订矿长承诺书，媒体宣传和舆论监督，总结推广典型经验等多种方式，促进“七条规定”落实到位。    四要确保见到实效。要通过宣传推动，条条抓好落实，切实使矿长入脑入心，激发加强安全生产工作的内在动力，强化煤矿安全基础建设，不断创新安全管理，务必在进一步减少事故总量、有效防范和坚决遏制重特大事故上见到实实在在的效果。    会议还研究决定，从2月20日至3月25日，总局和煤矿安监局领导同志带队，分11个组到全国26个产煤省份，开展专项督查调研，推进落实“七条规定”。
安监总局总工程师黄毅解读《煤矿矿长保护矿工生命安全七条规定》,https://www.cctd.com.cn/index.php?m=content&c=index&a=show&catid=191&id=2953,2013-02-12,安监总局总工程师黄毅解读《煤矿矿长保护矿工生命安全七条规定》,"来源：新华网
					
					发布时间：2013-02-12 09:21:00
					
						字号【
							小
							中
							大 】
						
						
							
                    收藏新闻",国家安全监管总局日前正式公布并施行《煤矿矿长保护矿工生命安全七条规定》，明确了煤矿矿长保护矿工生命的责任和措施。这一规定出台的背景是什么？在保护矿工生命方面有何亮点？国家安全监管总局总工程师黄毅对此进行了解读。     黄毅介绍说，近年来我国煤矿安全生产形势逐年好转，已经连续十年实现事故总量、事故死亡人数的“双下降”，煤矿事故的死亡人数由过去的每年七八千人降到去年的１３８４人，煤炭百万吨死亡率降到了０．３７。    “但由于煤炭是高危行业，我国煤层赋存条件比较复杂，事故风险较大，煤矿安全生产形势依然严峻，不可盲目乐观。”黄毅说，作为一矿之长，应该把维护矿工的生命安全作为第一职责。    此次规定主要针对证照、采界、通风、瓦斯、水患、设备和人员七个方面。事实上，这七条规定的出台基于大量的数据分析。    黄毅展示了一组根据近十年煤矿事故分析得出的数据：由于证照不全或者过期失效非法生产导致的特别重大事故２６起，占同期特别重大事故总量的４３％；由于超层越界而导致的特别重大事故有１８起，占同类事故的３０％；煤矿发生的特大瓦斯爆炸事故，其中有９３％是由于通风系统不完善造成；全国发生的特别重大瓦斯事故４４起，占同期特大事故总量的７２％；煤矿井下发生的机电运输特别重大事故１８起，占同期事故总量的３０％；煤矿发生的６１起特别重大事故，其中有４１起都存在无证上岗的问题。    “字字重千斤，条条都是生命线。”黄毅说，这七条规定作为总局令是文字最少的一部，但都是制约煤矿安全生产的关键要素、突出问题，落实这七项规定，就能有效地防范、遏制重特大事故。    规定的生命在于执行。黄毅说，下一步安全监管总局将多措并举，推动七条规定的落实。    “我们要当面把这七条规定送到每一个矿长的手中。”黄毅说，近期，安全监管总局将把所有的矿长分批集中到省会，当面向矿长发放七条规定，并签订承诺书。随后，进行集中培训和现场考核，考核结果将作为今后矿长任职的参考依据。    黄毅特别强调要让全社会进行监督。他说，除了安全监管监察系统要把贯彻落实七条规定作为今年煤矿监督执法的重点外，也需要５５０万矿工来进行监督。此外，希望媒体发挥舆论监督的作用，积极宣传七条规定，同时对违反规定的行为进行曝光。
安监总局总工程师黄毅解读《煤矿矿长保护矿工生命安全七条规定》,https://www.cctd.com.cn/show-131-16015-1.html,2013-02-12,安监总局总工程师黄毅解读《煤矿矿长保护矿工生命安全七条规定》,"来源：新华网
					
					发布时间：2013-02-12 09:21:00
					
						字号【
							小
							中
							大 】
						
						
							
                    收藏新闻",国家安全监管总局日前正式公布并施行《煤矿矿长保护矿工生命安全七条规定》，明确了煤矿矿长保护矿工生命的责任和措施。这一规定出台的背景是什么？在保护矿工生命方面有何亮点？国家安全监管总局总工程师黄毅对此进行了解读。     黄毅介绍说，近年来我国煤矿安全生产形势逐年好转，已经连续十年实现事故总量、事故死亡人数的“双下降”，煤矿事故的死亡人数由过去的每年七八千人降到去年的１３８４人，煤炭百万吨死亡率降到了０．３７。    “但由于煤炭是高危行业，我国煤层赋存条件比较复杂，事故风险较大，煤矿安全生产形势依然严峻，不可盲目乐观。”黄毅说，作为一矿之长，应该把维护矿工的生命安全作为第一职责。    此次规定主要针对证照、采界、通风、瓦斯、水患、设备和人员七个方面。事实上，这七条规定的出台基于大量的数据分析。    黄毅展示了一组根据近十年煤矿事故分析得出的数据：由于证照不全或者过期失效非法生产导致的特别重大事故２６起，占同期特别重大事故总量的４３％；由于超层越界而导致的特别重大事故有１８起，占同类事故的３０％；煤矿发生的特大瓦斯爆炸事故，其中有９３％是由于通风系统不完善造成；全国发生的特别重大瓦斯事故４４起，占同期特大事故总量的７２％；煤矿井下发生的机电运输特别重大事故１８起，占同期事故总量的３０％；煤矿发生的６１起特别重大事故，其中有４１起都存在无证上岗的问题。    “字字重千斤，条条都是生命线。”黄毅说，这七条规定作为总局令是文字最少的一部，但都是制约煤矿安全生产的关键要素、突出问题，落实这七项规定，就能有效地防范、遏制重特大事故。    规定的生命在于执行。黄毅说，下一步安全监管总局将多措并举，推动七条规定的落实。    “我们要当面把这七条规定送到每一个矿长的手中。”黄毅说，近期，安全监管总局将把所有的矿长分批集中到省会，当面向矿长发放七条规定，并签订承诺书。随后，进行集中培训和现场考核，考核结果将作为今后矿长任职的参考依据。    黄毅特别强调要让全社会进行监督。他说，除了安全监管监察系统要把贯彻落实七条规定作为今年煤矿监督执法的重点外，也需要５５０万矿工来进行监督。此外，希望媒体发挥舆论监督的作用，积极宣传七条规定，同时对违反规定的行为进行曝光。
安监总局提出今年力争关闭5000处小矿,https://www.cctd.com.cn/index.php?m=content&c=index&a=show&catid=191&id=2952,2013-02-11,安监总局提出今年力争关闭5000处小矿,"来源：中国证券报
					
					发布时间：2013-02-11 09:25:00
					
						字号【
							小
							中
							大 】
						
						
							
                    收藏新闻",记者７日从国家安全监管总局了解到，下一步我国将组织实施好金属非金属矿山整顿攻坚战，2013年力争关闭5000处小矿。     据介绍，下一步，全国安全生产工作总体思路是：大力实施安全发展战略，坚持依法治理，深化“打非治违”，强化科技支撑，夯实安全基础，在预防和治本上下更大工夫，进一步减少事故总量，有效防范和坚决遏制重特大事故，促进全国安全生产状况持续稳定好转，为全面建成小康社会创造良好的安全生产环境。　　安全监管总局表示，要抓好煤矿瓦斯防治，加强煤矿建设安全管理、深部矿井开采和水害治理；探索建立多部门协调一致的煤矿开发准入制度；深化煤矿整顿关闭，迫使不具备安全生产条件和安全保障能力低下、不符合煤炭产业政策的小煤矿退出市场。　　此外，要继续推进依法治理，强化“打非治违”工作，并认真执行事故查处逐级挂牌督办制度，严肃查处迟报、瞒报事故行为；继续推进隐患排查治理，强化道路交通等行业领域专项整治，认真落实重大隐患治理挂牌督办制度。
安监总局提出今年力争关闭5000处小矿,https://www.cctd.com.cn/show-131-16014-1.html,2013-02-11,安监总局提出今年力争关闭5000处小矿,"来源：中国证券报
					
					发布时间：2013-02-11 09:25:00
					
						字号【
							小
							中
							大 】
						
						
							
                    收藏新闻",记者７日从国家安全监管总局了解到，下一步我国将组织实施好金属非金属矿山整顿攻坚战，2013年力争关闭5000处小矿。     据介绍，下一步，全国安全生产工作总体思路是：大力实施安全发展战略，坚持依法治理，深化“打非治违”，强化科技支撑，夯实安全基础，在预防和治本上下更大工夫，进一步减少事故总量，有效防范和坚决遏制重特大事故，促进全国安全生产状况持续稳定好转，为全面建成小康社会创造良好的安全生产环境。　　安全监管总局表示，要抓好煤矿瓦斯防治，加强煤矿建设安全管理、深部矿井开采和水害治理；探索建立多部门协调一致的煤矿开发准入制度；深化煤矿整顿关闭，迫使不具备安全生产条件和安全保障能力低下、不符合煤炭产业政策的小煤矿退出市场。　　此外，要继续推进依法治理，强化“打非治违”工作，并认真执行事故查处逐级挂牌督办制度，严肃查处迟报、瞒报事故行为；继续推进隐患排查治理，强化道路交通等行业领域专项整治，认真落实重大隐患治理挂牌督办制度。
安监总局:煤矿井下紧急避险系统上半年须完成,https://www.cctd.com.cn/index.php?m=content&c=index&a=show&catid=191&id=2951,2013-02-07,安监总局:煤矿井下紧急避险系统上半年须完成,"来源：每日经济新闻
					
					发布时间：2013-02-07 09:01:00
					
						字号【
							小
							中
							大 】
						
						
							
                    收藏新闻","“所有煤矿必须按照国发〔2010〕23号文件的规定，于2013年6月底前完成煤矿井下紧急避险系统建设。”昨日（2月6日），国家安监总局、国家煤矿安监局联合下发通知，要求各地区、各有关部门和各煤矿企业必须按照规定的时限倒排工期，把任务、措施和进度落实到位，确保按期完成紧急避险系统建设任务。　　记者从

山西
省煤炭厅科技处了解到，在紧急避险系统的建设上，由当地的机械生产企业、煤矿生产企业及其他单位合作完成，省煤炭厅科技处负责建设系统之前的设备采购监督工作等。　　国家安监总局明确要求，各煤矿企业应当按照相应通知要求，优先建设避难硐室。避难硐室应当优先选择专用钻孔、专用管路供氧（风）等方式，为避险人员提供可靠的生存保障。　　煤炭行业研究员邱希哲告诉记者，紧急避险系统建设的必要性毋庸置疑，相关机械设备及原材料的质量水平关系到避险系统的可靠性，统一招标、集中采购是保证设备质量的有效途径。许多国家在紧急避险系统的建设方面拥有丰富经验，也已制定出安全系数高的设备安全标准，我国可多加借鉴，并根据实际制定相应设备检验标准，以统一标准对设备质量进行评估并筛选。“目前来看，紧急避险系统中最关键的部分是为遇险人员提供生命屏障的密闭空间，该空间对高温、烟气、毒气等物质的抵御能力是建设中最为棘手的问题。”"
安监总局:煤矿井下紧急避险系统上半年须完成,https://www.cctd.com.cn/show-131-16013-1.html,2013-02-07,安监总局:煤矿井下紧急避险系统上半年须完成,"来源：每日经济新闻
					
					发布时间：2013-02-07 09:01:00
					
						字号【
							小
							中
							大 】
						
						
							
                    收藏新闻","“所有煤矿必须按照国发〔2010〕23号文件的规定，于2013年6月底前完成煤矿井下紧急避险系统建设。”昨日（2月6日），国家安监总局、国家煤矿安监局联合下发通知，要求各地区、各有关部门和各煤矿企业必须按照规定的时限倒排工期，把任务、措施和进度落实到位，确保按期完成紧急避险系统建设任务。　　记者从

山西
省煤炭厅科技处了解到，在紧急避险系统的建设上，由当地的机械生产企业、煤矿生产企业及其他单位合作完成，省煤炭厅科技处负责建设系统之前的设备采购监督工作等。　　国家安监总局明确要求，各煤矿企业应当按照相应通知要求，优先建设避难硐室。避难硐室应当优先选择专用钻孔、专用管路供氧（风）等方式，为避险人员提供可靠的生存保障。　　煤炭行业研究员邱希哲告诉记者，紧急避险系统建设的必要性毋庸置疑，相关机械设备及原材料的质量水平关系到避险系统的可靠性，统一招标、集中采购是保证设备质量的有效途径。许多国家在紧急避险系统的建设方面拥有丰富经验，也已制定出安全系数高的设备安全标准，我国可多加借鉴，并根据实际制定相应设备检验标准，以统一标准对设备质量进行评估并筛选。“目前来看，紧急避险系统中最关键的部分是为遇险人员提供生命屏障的密闭空间，该空间对高温、烟气、毒气等物质的抵御能力是建设中最为棘手的问题。”"
矿山事故频发 安监总局牵头整顿,https://www.cctd.com.cn/index.php?m=content&c=index&a=show&catid=191&id=2950,2013-02-05,矿山事故频发 安监总局牵头整顿,"来源：每日经济新闻
					
					发布时间：2013-02-05 09:53:00
					
						字号【
							小
							中
							大 】
						
						
							
                    收藏新闻","在我国工业重点行业兼并重组拉开大幕的情况下，相关各行业的上下游将随之受到一定影响。 　　昨天（2月4日）上午，中央人民政府网站发布消息称，国务院已同意建立由安全监管总局牵头的金属非金属矿山整顿工作部际联席会议制度，今后将对我国的金属非金属矿山加强整顿，以有效遏制矿山事故发生。　　大宗商品资讯门户网站卓创资讯煤炭行业分析师刘冬娜告诉 《每日经济新闻(博客,微博)》记者，对于煤矿等非金属矿山来说，安全生产问题一直存在，但通过适当的兼并重组可以有效地提升安全率。刘冬娜表示，当小型煤矿被大型煤矿兼并后，大企业在煤炭的生产、安全方面往往会有更大的投入，这样必然会对安全这一部分工作产生明显的提升作用。　　公开资料显示，2008年我国共有煤矿1.6万家，此后煤炭整合大潮开始，到2012年，这一数字下降到1.2万家左右。据悉，在“十二五”期间，我国的小煤矿将从1万家下降到7000家以内。　　刘冬娜认为，煤矿安全事故频发表明，一个政策最终能不能真正落实，就要看各部门监督、执行的力度。当前煤矿安全事故主要发生在小型煤矿，因此近期各地出台了相应的整顿措施，对于煤矿而言，这有利于让其合理开发、合理利用。总的来说，大型企业兼并中小企业之后，

煤炭开采
往往会更有计划性。　　此次建立的联席会议制度由安全监管总局、发改委、工信部、公安部、财政部、国土资源部、环保部、工商总局、电监会等9个部门组成，由安监总局作为牵头单位。联席会议将在国务院领导下，研究、指导金属非金属矿山整顿关闭工作，协调有关重大事项，提出政策建议；制定工作计划和阶段性任务，并对实施情况进行督促检查；组织开展联合执法活动；研究金属非金属矿山安全生产标本兼治的措施，推动解决有关问题。　　卓创资讯

铁矿石
分析师刘辉对《每日经济新闻》记者表示，从短期来看，当前国内铁矿石生产成本较高，对矿山的整顿可能在短期内造成供需不平衡，但由于我国铁矿石严重依赖进口，所以国内市场的变动不会产生根本的影响；如果从长期来看，在我国铁矿石市场上的整顿会淘汰中小型矿山，间接地形成对大型厂商的扶持作用，而这会有利于市场的供应。"
矿山事故频发 安监总局牵头整顿,https://www.cctd.com.cn/show-131-16012-1.html,2013-02-05,矿山事故频发 安监总局牵头整顿,"来源：每日经济新闻
					
					发布时间：2013-02-05 09:53:00
					
						字号【
							小
							中
							大 】
						
						
							
                    收藏新闻","在我国工业重点行业兼并重组拉开大幕的情况下，相关各行业的上下游将随之受到一定影响。 　　昨天（2月4日）上午，中央人民政府网站发布消息称，国务院已同意建立由安全监管总局牵头的金属非金属矿山整顿工作部际联席会议制度，今后将对我国的金属非金属矿山加强整顿，以有效遏制矿山事故发生。　　大宗商品资讯门户网站卓创资讯煤炭行业分析师刘冬娜告诉 《每日经济新闻(博客,微博)》记者，对于煤矿等非金属矿山来说，安全生产问题一直存在，但通过适当的兼并重组可以有效地提升安全率。刘冬娜表示，当小型煤矿被大型煤矿兼并后，大企业在煤炭的生产、安全方面往往会有更大的投入，这样必然会对安全这一部分工作产生明显的提升作用。　　公开资料显示，2008年我国共有煤矿1.6万家，此后煤炭整合大潮开始，到2012年，这一数字下降到1.2万家左右。据悉，在“十二五”期间，我国的小煤矿将从1万家下降到7000家以内。　　刘冬娜认为，煤矿安全事故频发表明，一个政策最终能不能真正落实，就要看各部门监督、执行的力度。当前煤矿安全事故主要发生在小型煤矿，因此近期各地出台了相应的整顿措施，对于煤矿而言，这有利于让其合理开发、合理利用。总的来说，大型企业兼并中小企业之后，

煤炭开采
往往会更有计划性。　　此次建立的联席会议制度由安全监管总局、发改委、工信部、公安部、财政部、国土资源部、环保部、工商总局、电监会等9个部门组成，由安监总局作为牵头单位。联席会议将在国务院领导下，研究、指导金属非金属矿山整顿关闭工作，协调有关重大事项，提出政策建议；制定工作计划和阶段性任务，并对实施情况进行督促检查；组织开展联合执法活动；研究金属非金属矿山安全生产标本兼治的措施，推动解决有关问题。　　卓创资讯

铁矿石
分析师刘辉对《每日经济新闻》记者表示，从短期来看，当前国内铁矿石生产成本较高，对矿山的整顿可能在短期内造成供需不平衡，但由于我国铁矿石严重依赖进口，所以国内市场的变动不会产生根本的影响；如果从长期来看，在我国铁矿石市场上的整顿会淘汰中小型矿山，间接地形成对大型厂商的扶持作用，而这会有利于市场的供应。"
